<application>
  <component name="CodeInsightSettings">
    <option name="SHOW_PARAMETER_NAME_HINTS_ON_COMPLETION" value="true" />
    <option name="AUTO_POPUP_PARAMETER_INFO" value="false" />
    <option name="AUTO_POPUP_COMPLETION_LOOKUP" value="false" />
    <option name="SURROUND_SELECTION_ON_QUOTE_TYPED" value="true" />
    <option name="USE_INSTANCEOF_ON_EQUALS_PARAMETER" value="true" />
    <option name="ADD_UNAMBIGIOUS_IMPORTS_ON_THE_FLY" value="true" />
    <option name="ADD_MEMBER_IMPORTS_ON_THE_FLY" value="false" />
  </component>
  <component name="DaemonCodeAnalyzerSettings">
    <option name="SHOW_ADD_IMPORT_HINTS" value="false" />
    <option name="SHOW_METHOD_SEPARATORS" value="true" />
  </component>
  <component name="JavaCodeFoldingSettings">
    <option name="collapseAccessors" value="true" />
  </component>
</application>