<keymap version="1" name="Brian's Eclipse (Mac OS X)" parent="Eclipse (Mac OS X)">
  <action id="$Copy">
    <keyboard-shortcut first-keystroke="meta c" />
    <keyboard-shortcut first-keystroke="meta w" />
  </action>
  <action id="$Cut">
    <keyboard-shortcut first-keystroke="meta x" />
    <keyboard-shortcut first-keystroke="shift delete" />
    <keyboard-shortcut first-keystroke="ctrl w" />
  </action>
  <action id="$Paste">
    <keyboard-shortcut first-keystroke="ctrl y" />
  </action>
  <action id="$Undo">
    <keyboard-shortcut first-keystroke="meta z" />
    <keyboard-shortcut first-keystroke="shift ctrl minus" />
  </action>
  <action id="Android.SyncProject">
    <keyboard-shortcut first-keystroke="meta g" />
  </action>
  <action id="CIDR.Lang.ImportsHierarchy">
    <keyboard-shortcut first-keystroke="shift alt h" />
  </action>
  <action id="CallHierarchy">
    <keyboard-shortcut first-keystroke="ctrl alt h" />
    <keyboard-shortcut first-keystroke="ctrl meta h" />
  </action>
  <action id="CloseActiveTab" />
  <action id="CloseContent">
    <keyboard-shortcut first-keystroke="ctrl x" second-keystroke="k" />
  </action>
  <action id="CodeCleanup">
    <keyboard-shortcut first-keystroke="shift meta c" />
  </action>
  <action id="CodeCompletion">
    <keyboard-shortcut first-keystroke="meta slash" />
  </action>
  <action id="CollapseAllRegions">
    <keyboard-shortcut first-keystroke="shift meta divide" />
    <keyboard-shortcut first-keystroke="shift meta minus" />
  </action>
  <action id="CommentByLineComment">
    <keyboard-shortcut first-keystroke="ctrl slash" />
  </action>
  <action id="CompareTwoFiles" />
  <action id="CopyPaths" />
  <action id="Diff.ShowDiff" />
  <action id="DuplicatesForm.SendToRight" />
  <action id="EditSource">
    <keyboard-shortcut first-keystroke="f3" />
    <keyboard-shortcut first-keystroke="ctrl c" second-keystroke="e" />
  </action>
  <action id="Editor Copy">
    <keyboard-shortcut first-keystroke="meta w" />
  </action>
  <action id="Editor Cut">
    <keyboard-shortcut first-keystroke="ctrl w" />
  </action>
  <action id="Editor Paste">
    <keyboard-shortcut first-keystroke="ctrl y" />
  </action>
  <action id="Editor Undo">
    <keyboard-shortcut first-keystroke="shift ctrl minus" />
  </action>
  <action id="EditorDelete">
    <keyboard-shortcut first-keystroke="delete" />
    <keyboard-shortcut first-keystroke="ctrl d" />
  </action>
  <action id="EditorDeleteLine" />
  <action id="EditorDeleteToWordEnd">
    <keyboard-shortcut first-keystroke="meta delete" />
    <keyboard-shortcut first-keystroke="meta d" />
  </action>
  <action id="EditorPageDown">
    <keyboard-shortcut first-keystroke="page_down" />
    <keyboard-shortcut first-keystroke="ctrl v" />
  </action>
  <action id="EditorPageUp">
    <keyboard-shortcut first-keystroke="page_up" />
    <keyboard-shortcut first-keystroke="meta v" />
  </action>
  <action id="EditorScrollToCenter">
    <keyboard-shortcut first-keystroke="ctrl l" />
  </action>
  <action id="EditorTextEnd">
    <keyboard-shortcut first-keystroke="meta end" />
    <keyboard-shortcut first-keystroke="shift meta period" />
  </action>
  <action id="EditorTextStart">
    <keyboard-shortcut first-keystroke="meta home" />
    <keyboard-shortcut first-keystroke="shift meta comma" />
  </action>
  <action id="ExpandAllRegions">
    <keyboard-shortcut first-keystroke="meta multiply" />
    <keyboard-shortcut first-keystroke="shift meta equals" />
  </action>
  <action id="FileChooser.GotoDesktop" />
  <action id="FileChooser.GotoProject" />
  <action id="GotoDeclaration">
    <keyboard-shortcut first-keystroke="f3" />
    <mouse-shortcut keystroke="control button1" />
    <mouse-shortcut keystroke="meta button1" />
  </action>
  <action id="GotoPreviousError" />
  <action id="Images.Editor.ActualSize">
    <keyboard-shortcut first-keystroke="meta divide" />
  </action>
  <action id="Images.Thumbnails.Hide" />
  <action id="IncrementalSearch">
    <keyboard-shortcut first-keystroke="meta j" />
    <keyboard-shortcut first-keystroke="ctrl s" />
  </action>
  <action id="Print" />
  <action id="RenameElement">
    <keyboard-shortcut first-keystroke="shift f6" />
    <keyboard-shortcut first-keystroke="meta 2" second-keystroke="r" />
  </action>
  <action id="SaveAll">
    <keyboard-shortcut first-keystroke="meta s" />
    <keyboard-shortcut first-keystroke="ctrl x" second-keystroke="ctrl s" />
  </action>
  <action id="Scala.ShowImplicits">
    <keyboard-shortcut first-keystroke="shift ctrl alt equals" />
    <keyboard-shortcut first-keystroke="shift ctrl alt add" />
  </action>
  <action id="SendEOF" />
  <action id="Switcher">
    <keyboard-shortcut first-keystroke="ctrl tab" />
    <keyboard-shortcut first-keystroke="shift ctrl tab" />
    <keyboard-shortcut first-keystroke="ctrl x" second-keystroke="b" />
  </action>
  <action id="TypeHierarchy">
    <keyboard-shortcut first-keystroke="f4" />
    <keyboard-shortcut first-keystroke="meta t" />
  </action>
  <action id="Vcs.QuickListPopupAction" />
  <action id="openAssertEqualsDiff" />
</keymap>