<application>
  <component name="DefaultFont">
    <option name="FONT_SIZE" value="14" />
    <option name="LINE_SPACING" value="1.25" />
  </component>
  <component name="EditorSettings">
    <option name="languageBreadcrumbsMap">
      <map>
        <entry key="Groovy" value="true" />
        <entry key="HTML" value="true" />
        <entry key="JAVA" value="true" />
        <entry key="JSON" value="true" />
        <entry key="XHTML" value="true" />
        <entry key="XML" value="true" />
        <entry key="kotlin" value="true" />
        <entry key="yaml" value="true" />
      </map>
    </option>
    <option name="STRIP_TRAILING_SPACES" value="Whole" />
    <option name="IS_ENSURE_NEWLINE_AT_EOF" value="true" />
    <option name="IS_BLOCK_CURSOR" value="true" />
    <option name="IS_WHITESPACES_SHOWN" value="true" />
    <option name="IS_LEADING_WHITESPACES_SHOWN" value="false" />
    <option name="IS_INNER_WHITESPACES_SHOWN" value="false" />
    <option name="SHOW_PARAMETER_NAME_HINTS" value="false" />
    <option name="KEEP_TRAILING_SPACE_ON_CARET_LINE" value="false" />
  </component>
  <component name="TodoConfiguration">
    <pattern pattern="\btodo\b.*" />
    <pattern pattern="\bfixme\b.*" />
    <pattern useCustomColors="true" case-sensitive="true" pattern="\bXXX\b.*">
      <option name="FOREGROUND" value="d1050f" />
      <option name="FONT_TYPE" value="3" />
      <option name="ERROR_STRIPE_COLOR" value="54aae3" />
    </pattern>
  </component>
</application>